"Date","Product","Quantity (g)","Quantity","Price (€)","Price (£)","Notes",
02/01/22,"Oat milk",1000,1,2.25,,"Oatly, 1 litre",
,"Oat yoghurt",500,1,2.55,,"Alpro",
,"Soup",500,1,3.99,,"Pirkka, 500 ml",
,"Olive oil",500,1,6.69,,"Pirkka, 500 ml",
,"Nuts",175,1,5.45,,"Nutisal Gourmé mix",
,"Pasta",500,1,2.55,,"Pirkka",
,"Croissant",65,2,1.18,,,
,"Sauerkraut",400,1,2.35,,"Pirkka",
,"Soya mince",250,1,2.09,,"Pirkka",
,"Clementines",534,4,1.86,,,
,"Berry pies",50,6,1.59,,"K-Menu",
,"Biscuits",175,1,2.55,,"Domino banana",
,"Broccoli",300,1,1.39,,"Pirkka",
,"Beans",230,1,0.99,,"Pirkka",
,"Tomatoes",350,4,2.1,,,
,"Onions",1000,1,0.99,,,
,"Passata",390,1,1.15,,"Pirkka",
,"Passata",500,1,1.25,,"Pirkka",
,"Bread",400,1,2.39,,,
,"Hummus",225,1,3.35,,"Baba",
,"Soya slices",100,1,2.65,,"Bon",
03/01/22,"Confetti",200,1,1.5,,,
,"Flowers",300,1,4.99,,,
,"Flowers",300,1,9.9,,,
04/01/22,"Glögi",1000,1,2.09,,"1 litre",
,"Crisps",145,1,1.75,,,
,"Bread",330,1,1.45,,,
06/01/22,"Apple pies",270,1,1.89,,"K-Menu",
,"Croissant",65,2,0.59,,"50% off",
,"Doughnut",100,1,0.64,,"50% off",
,"Karelian pies",70,4,0.78,,"50% off, Fazer Riisipiiraka",
,"Soya slices",100,1,2.65,,"Bon",
,"Naan bread",260,1,2.55,,"Garlic",
,"Soup",390,1,1.99,,"Pirkka Tomato-paprikka",
,"Beetroot salad",400,1,2.09,,"Pirkka",
,"Bread",420,1,1.69,,"Väino sekaleipä",
,"Soya mince",250,1,3.99,,"Beanit Härkis",
,"Sausages",200,1,2.99,,"Chorizo",
,"Baked beans",390,1,0.99,,"Pirkka ",
,"Chickpeas",230,1,0.99,,"Pirkka, 380 g/230 g",
,"Pizza",300,1,11,,"Takeaway",
,"Falafel and potato salad",300,1,10.5,,"Takeaway",
08/01/22,"Restaurant",300,1,16.9,,"Lunch, Katmandu",
10/01/22,"Oat milk",1000,1,2.25,,"Oatly, 1 litre",
,"Tissues",250,1,2.39,,,
,"Hummus",225,1,3.35,,"Baba green",
,"Lettuce",584,1,2.04,,,
,"Tortilla",320,8,1.59,,"Pirkka",
,"Nuts",140,1,2.79,,"Honey salt cashews",
,"Falafel",200,1,3.09,,"Saarioinen",
,"Red pepper",210,1,1.01,,,
,"Spices",28,1,1.09,,"Taco spices",
,"Bread",300,2,0.62,,"Batons, 30% off",
,"Peas",150,1,2.39,,"Sugar snap peas",
,"Bread",660,12,1.75,,"Rye bread",
12/01/22,"Muesli bars",200,8,1.59,,"Crownfield",
,"Muesli bars",96,4,1.59,,"Crownfield",
,"Cereal",500,1,2.35,,"Crownfield fruit and fibre",
,"Pastry",100,1,0.69,,,
,"Croissant",65,2,0.78,,,
,"Tea",160,50,1.39,,"Knightsbridge Earl Grey","English Breakfast"
,"Tea",160,50,1.39,,"Knightsbridge Earl Grey",
,"Margerine",600,1,2.99,,,
,"Marmalade",300,1,15.31,,,
13/01/22,"Olive oil",2000,1,19.25,,"2 litre",
,"Cream cheese",150,1,2.39,,"Violife Creamy Cheddar Flavour",
,"Tofu",300,1,3.39,,,
,"Eggplant",390,1,1.83,,,
,"Chocolate",80,1,2.99,,"White vanilla",
,"Shaving cream",150,1,7.99,,"Siberica, 150 ml",
15/01/22,"Crisps",250,1,2.29,,"Oikia",
,"Face masks",100,10,7.95,,"FFP2",
,"Bread",260,2,2.99,,"Olive bread",
,"Pastry",127,1,2.99,,"Vegan apple pastry",
,"Nuts",150,1,2.35,,"Mixed nuts",
,"Light bulb",40,1,4.99,,"OSRAM DULUX S 11 w 900 lm for cooker hood",
,"Plastic bag",25,1,0.39,,"Large",
17/01/22,"Book",636,1,59.4,,"Suomen Mestari 3",
,"Oat milk",1000,1,2.35,,"Oatly, 1 litre",
,"Coffee",450,1,4.65,,"Ground, Pelican Rouge",
,"Beer",500,2,3,,"Bavaria alcohol free, 500 ml",
,"Beer",440,1,2.2,,"Sauna Session Zero, 440",
,"Beer",330,1,2.3,,"Implosion Pale Ale 0.3%, 330 ml",
,"Beer",330,2,1.48,,"Lasso Zero, 330 ml",
,"Can deposit",0,6,0.9,,,
,"Chips",600,1,1.69,,"Frozen potato lattices",
,"Bread",500,1,1.85,,,
,"Rolls",300,9,1.39,,"Hamburger rolls",
,"Burgers",180,2,3.99,,"Plant-it Meet-free burgers",
,"Burgers",180,2,3.99,,"Plant-it Spinach Avocado burgers",
,"Coffee",180,1,6.39,,"Kulta Katriina instant coffee",
,"Pastry",100,2,3,,"Sugar buns",
,"Spices",35,1,1.25,,"Tikka Masala spices",
,"Spices",100,1,1.35,,"Harissa",
,"Bacon",115,7,4.39,,"Astrid och aporna bejkon",
,"Spices",30,1,1.39,,"Curry Masala spices",
,"Cheese",120,1,8.39,,"Cashew brie",
,"Cheese",90,1,5.79,,"Cashew black pepper",
,"Sausages",300,4,3.69,,"Muus vegetarian sausages",
22/01/22,"Rolls",190,2,2.07,,,
,"Rolls",175,2,1.91,,,
,"Baked beans",390,2,1.78,,,
,"Liquid soap",634,1,2.75,,"600 ml",
,"Soya slices",100,1,3.35,,"Vegan",
,"Chocolate",100,1,4.35,,"Lindt Hello",
,"Tissues",340,1,2.09,,,
,"Passata",500,2,1.1,,,
,"Olives",70,2,2.3,,,
,"Bread",440,8,2.59,,,
,"Hummus",200,1,2.95,,"Paprika hummus",
,"Cake",160,2,4.45,,"Runebergintorttu",
,"Toilet rolls",655,6,2.59,,,
,"Beer",330,1,1.64,,"Brewers Special Evergreen Lager, alcohol free, 330 l",
,"Beer",330,1,1.54,,"Mosaic Zero, 330 l",
,"Beer",330,1,1.64,,"Brewers Utah Rye IPA, alcohol free, 330 l",
,"Beer",330,1,1.74,,"Malmgärd Oat Ale, alcohol free, 330 l",
,"Can deposit",0,4,0.6,,,
,"Peppers",200,2,1.59,,,
,"Tofu",270,1,3.85,,,
,"Bin bags",126,20,2.99,,"Biodegradable",
,"Air freshener",166,1,1.89,,,
,"Lettuce",310,1,1.17,,,
,"Tomatoes",410,4,2.46,,,
,"Soap",100,4,6.36,,,
26/01/22,"Biscuits",525,1,5.39,,"Domino Party Mix",
,"Sweets",250,1,2.19,,"Hyvä Makumaasta",
,"Tea",40,20,4.95,,"TeaBoy fruit tea",
,"Oat milk",1000,1,1.69,,"1 litre",
,"Honey",450,1,5.49,,"Finnish honey",
,"Passata",500,1,1.25,,,
,"Bread",500,9,1.79,,"Fazer ruispuikulat",
,"Cake",200,2,5.98,,"Vegan carrot cake",
,"Chickpeas",230,1,0.99,,,
,"Apples",1000,8,2.29,,"Royal Gala apples",
,"Majonaise",285,1,3.19,,"Paprika majonaise",
,"Tomatoes",325,5,1.95,,,
,"Courgette",325,1,1.46,,,
29/01/22,"Restaurant",300,1,19.9,,"Lunch, Katmandu",
30/01/22,"Soya slices",100,1,2.65,,,
,"Soya mince",250,1,4.39,,"MiFU paprika",
,"Yoghurt",500,1,1.95,,"Alpro natural",
,"Margerine",400,1,2.15,,"Keiju",
,"Bread",240,4,1.65,,"Fazer puikula",
,"Bread",300,4,1.45,,"Oululainen reissumies tumma",
03/02/22,"Can deposit",0,6,-0.9,,,
,"Soft drink",1500,1,2.29,,"Pepsi Max, 1.5 litre",
,"Bottle deposit",0,1,0.4,,,
,"Crisps",325,1,3.09,,"Taffel Sips",
,"Oat milk",1000,1,2.09,,"Pirkka kaurajuoma barista, 1 litre",
,"Croissant",130,2,1.18,,,
,"Soya mince",250,1,2.99,,"Pirkka vegejauhis",
,"Vegetable balls",230,1,2.99,,,
,"Broccoli",300,1,1.39,,,
,"Sausages",250,5,3.75,,"Bon Soya kasvisnakki",
,"Passata",390,1,0.99,,,
,"Hummus",225,1,3.45,,"Baba green hummus",
,"Pastry",250,4,2.35,,,
,"Cucumber",364,1,2.33,,,
,"Bread",500,9,1.99,,"Fazer ruispuikulat",
,"Peppers",300,1,1.23,,"Red pepper",
04/02/22,"Restaurant",300,1,10.5,,"Pizza",
08/02/22,"Oat milk",1000,1,2.09,,"Pirkka kaurajuoma barista, 1 litre",
,"Vinagre",400,1,3.59,,,
,"Oat milk",1000,1,2.15,,"Oatly, 1 litre",
,"Chocolate",150,1,2.49,,"Pirkka Dark Mint",
,"Pasta",1000,1,2.15,,"Spaghetti",
,"Courgette",348,1,1.74,,,
,"Soup",780,3,4.5,,"Tomato soup",
,"Cake",160,2,2.99,,"Runebergintorttu",
,"Croissant",130,2,1.18,,,
,"Cheese",200,1,2.49,,"Oddlygood veggie gouda",
,"Lettuce",508,1,2.03,,,
,"Bread",550,1,2.25,,,
,"Soya slices",100,1,2.65,,,
,"Beans",230,1,0.99,,"Bean mix 380g/230g",
,"Moisturiser",75,1,3.59,,"Nivea soft kosteusvoide, 75 ml",
09/02/22,"Licourice",300,1,4.9,,,
,"Card",10,1,4.9,,"Valentine’s Day card",
,"Wine",1000,1,11.3,,"Selfie Oaked Pino red wine, 1 litre",
,"Vegetable balls",210,1,2.69,,,
,"Rolls",300,6,3.05,,"Hot dog rolls",
,"Rolls",300,4,0.89,,"Half baked",
,"Spread",150,1,1.79,,"Oat spread",
,"Biscuits",200,1,3.9,,"Lusikkaleipä",
,"Soya slices",130,1,1.98,,"Seitan Chilli",
,"Spread",150,1,2.59,,"Violife Creamy with garlic and herbs",
11/02/22,"Restaurant",900,1,15,,"Takeaway: rice, naan, chana sag",
12/02/22,"Bread",500,9,1.95,,"Ruispuikulat",
,"Rice",500,4,2.85,,"Basmati",
,"Rice",500,4,2.85,,"Basmati",
,"Soup",390,1,1.99,,"Tomato soup",
,"Soup",390,1,1.99,,"Tomato soup",
,"Passata",500,2,1.1,,,
,"Pesto",140,2,4,,,
,"Burgers",240,4,2.85,,,
,"Falafel",300,1,4.69,,,
,"Bread",400,6,1.09,,"Pitabread",
,"Sausages",300,4,4.95,,"Vegan chorizo",
,"Baked beans",780,2,1.78,,,
,"Tempe",250,1,4.49,,,
,"Cheese",200,1,4.15,,"Sheese vegan blue cheese",
,"Spices",60,2,2.78,,"Curry Masala spices",
,"Spices",70,2,2.5,,"Tikka Masala spices",
,"Chips",500,1,2.99,,"Sweet potatoe wedges",
,"Pizza",350,1,3.25,,"Vege mexican",
,"Peas",200,1,0.89,,,
,"Croissant",186,2,5.78,,"Vegan croissant",
,"Rolls",220,2,2.53,,"Olive bread",
,"Crisps",235,1,2.99,,"Raffel twirls",
,"Nuts",400,1,6.39,,"Notti Frutti mixed fruit and nuts",
,"Figs",200,1,3.69,,,
16/02/22,"Beer",1000,2,17.2,,"Two beers at Taverna",
17/02/22,"Oat milk",1000,1,1.98,,"Barista Kaurajuoma",
,"Coffee",450,1,7.35,,"Mundo Reilusti",
,"Cereal",450,1,4.89,,"Granola",
,"Chewing gum",90,1,2.79,,"Jenkki Pro Spearmint",
,"Floss",30,2,6.5,,,
,"Cereal",350,1,3.75,,"4-Viljan Täysjyvämuro",
,"Biscuits",200,1,3.9,,"Herrasväenleipa",
,"Biscuits",200,1,3.9,,"Lusikkaleipä",
,"Card",10,1,1.6,,,
,"Chocolate",100,1,4.95,,"Vegan Nirwana-suklaa",
,"Chocolate",45,1,2.99,,"Vegan wafer",
,"Chocolate",45,1,2.99,,"Vegan wafer",
,"Shaving cream",300,2,11.9,,,
,"Chocolate",80,1,3.5,,"Mantelisuklaakuppi",
19/02/22,"Croissant",92,1,1.99,,"Bretzelcroissant",
,"Croissant",188,2,5.78,,"Veganmantelicroissant",
,"Hummus",150,1,2.35,,,
,"Cheese",140,1,4.59,,"Vegan brie",
,"Mämmi",100,1,1.85,,,
,"Glue",4.5,1,2.99,,"Super glue",
,"Chocolate",100,1,4.35,,"Lindt Hello suklaalevy",
,"Crisps",80,1,4.09,,"Zweifel Vaya Papu snack",
,"Chewing gum",25,1,0.99,,,
,"Sweets",180,1,1.75,,"Tutti Frutti",
,"Rolls",300,5,1.79,,,
,"Crisps",100,1,1.19,,"Oikia Fiini Claire",
,"Coffee",200,1,5.4,,"Vegan chocolate latte",
27/02/22,"Medicine",238,1,12.9,,"Iodene from Kelp, 200 µg per tablet",
,"Coffee",200,1,3.4,,"Small cup",
,"Nuts",150,1,3.2,,"Taffel Chili Nuts",
,"Rice",1000,8,3.95,,"Boil in the bag long grain rice",
,"Lettuce",140,1,2.25,,,
,"Soya slices",170,1,2.99,,,
,"Soya mince",250,1,3.59,,"Härkäpapusuikale chili",
,"Sausages",200,8,4.15,,"Vegan sausages",
,"Soya slices",80,1,3.69,,"Chorizo seitan",
,"Eggplant",325,1,1.39,,,
,"Bread",500,9,1.79,,"Rye bread",
,"Spread",150,1,2.05,,"Oat spread",
,"Onions",500,9,0.98,,"Red onions",
02/03/22,"Lunch",500,1,5.85,,"Kauppahallin Pyörykkäbaari salad",
,"Laundry detergent",1500,2,7.78,,"Refill",
,"Soap",600,1,2.75,,"Refill",
,"Chewing gum",90,1,2.95,,"Jenkki Pro orange, raspberry and peppermint",
,"Pen",9,1,3.99,,"Permanent",
,"Rolls",80,1,0.79,,,
,"Sticky tape",44,1,2.29,,,
,"Bread",560,8,2.58,,"Rye bread",
,"Croissant",100,2,3.18,,"Vegan croissant",
,"Antigen test",68,2,5.9,,"SARS-COV-2-Antigen test",
04/03/22,"Restaurant",300,1,10.9,,"Lunch, Zeytun",
,"Drink",1500,1,1.6,,"Jaffa Orange soft drink",
,"Bottle deposit",0,1,0.4,,,
,"Yoghurt",500,1,2.49,,"Natural soya yoghurt",
,"Beer",1320,4,5.7,,"Alcohol free beer",
,"Can deposit",0,4,0.6,,,
,"Bread",200,1,1.79,,"Kaurakevi",
,"Nuts",19,1,1.09,,"Chilli nuts",
,"Fruit pies",560,4,4.98,,,
,"Crisps",75,1,1.09,,,
,"Lettuce",502,1,2.25,,,
05/03/22,"Beer",1000,2,17.4,,"Beers at Taverna",
,"Garlic bread",300,1,4.5,,"Snack at Taverna",
06/03/22,"Burger",300,1,6.5,,"Lunch, Herwood Torigrilli",
08/03/22,"Lunch",300,1,10.4,,"Lunch, Suomalaisen Klubin",
,"Doughnut",100,2,1.18,,,
,"Burger",227,2,5.99,,"Moving mountains vegetarian burger",
,"Tomatoes",326,6,2.38,,,
,"Milk",1000,1,2.09,,"Barista Kaurajuoma",
,"Bread",500,1,2.49,,,
09/03/22,"Lunch",500,1,11.3,,"Fabric",
10/03/22,"Lunch",500,1,11.3,,"Fabric",
11/03/22,"Beer",1000,2,11.6,,"Majava Bar",
11/03/22,"Dinner",300,1,13.2,,"Napoli Pizzeria, Pasta di Verdura",
13/03/22,"Oat milk",1000,1,1.49,,,
,"Oat milk",1000,1,1.89,,"Barista Kaurajuoma",
,"Margerine",600,1,2.29,,"Keiju",
,"Pesto",100,1,3.69,,,
,"Sauce",400,1,5.89,,"Tikka Masala sauce with mince",
,"Candied ginger",250,1,5.39,,"With cinnamon",
,"Falafel",200,1,2.05,,,
,"Soya slices",90,1,3.75,,"Smoked ham flavoured",
,"Pasta",250,1,2.39,,"Tortellini",
,"Sausages",250,6,3.39,,"Vegan sausages",
,"Soya cutlet",300,2,2.95,,"Plant wiener cutlet",
,"Biscuits",190,1,1.49,,"Blueberry filled biscuits",
,"Soya slices",170,1,2.95,,"Paprika slices",
,"Soya mince",280,1,2.95,,,
,"Peppers",344,1,1.37,,"Red pepper",
,"Bread",660,2,2.7,,"Rye bread",
,"Spread",150,1,2.49,,"Pea spread, like hummus",
,"Vegetables",200,1,1.68,,"Cauliflower, carrot, leek mix",
,"Bottle deposit",0,1,0.4,,,
,"Can deposit",0,1,0.15,,,
15/03/22,"Lunch",300,1,7.65,,"Sokos",
16/03/22,"Lunch",300,1,10.4,,"Suomalainen Klubi",
16/03/22,"Cocoa",400,1,4.2,,"Taverna",
,"Drink",400,1,3.8,,"Taverna, Fentimans",
17/03/22,"Lunch",300,1,10.4,,"Suomalainen Klubi",
19/03/22,"Burger",200,1,15.5,,"Bar Ihku, Beyond Vegan Burger",
,"Chips",100,1,3.9,,"Bar Ihku",
,"Sauce",10,1,1.5,,"Chipotle",
,"Drink",500,1,4,,"Coke Zero",
,"Doughnut",100,1,2.5,,"Pyyniki Nakötorni",
,"Coffee",100,1,2.5,,"Pyyniki Nakötorni",
,"Wine",1000,1,9.99,,"Rose",
,"Chips",600,1,1.69,,,
,"Yoghurt",400,1,2.19,,"Alpro",
,"Beans",250,1,1.69,,"Soy beans",
,"Tissues",347,1,2.19,,,
,"Beans",380,1,0.89,,"White beans",
,"Beans",380,1,0.89,,"Mixed beans",
,"Beans",390,1,0.89,,"Baked beans",
,"Passata",1000,2,1.1,,,
,"Chickpeas",380,1,0.89,,,
,"Bread",285,4,1.29,,"Rye bread",
,"Spices",30,1,1.39,,"Curry Masala spices",
,"Sauce",100,1,1.55,,"Spice Up harissakastike",
,"Bread",200,4,3.35,,"Bao Buns",
,"Soya mince",250,1,3.29,,"Beanit Härkapapumuru",
,"Pastry",80,1,1.5,,"Sugar buns",
,"Spices",35,1,1.29,,"Tikka Masala spices",
,"Olives",210,3,3.45,,,
,"Chocolate",80,1,2.69,,"Vegan white nougat crisp",
,"Sauce",100,1,1.55,,"Chow mein",
,"Sauce",100,1,1.55,,"Chili",
,"Sundried tomatoes",100,1,3.45,,,
,"Bread",320,4,2.29,,"Pitabread",
22/03/22,"Lunch",300,1,10.9,,"Valssi, Vapriikki",
23/03/22,"Lunch",300,1,12.3,,"Sayam9 Thai",
,"Juice",1500,1,2.39,,"Mixed fruit juice",
,"Oat milk",1000,1,1.79,,"Coffee oat milk",
,"Cola",1500,1,0.79,,"Sugar free",
,"Bottle deposit",0,1,0.4,,,
,"Margerine",600,1,2.29,,,
,"Crisps",100,1,1.89,,"Paprika oat lentil crips",
,"Croissant",65,1,0.55,,,
,"Toothpaste",125,1,1.45,,,
,"Bread",360,6,0.99,,"Rye bread",
24/03/22,"Sweets",300,1,2.65,,"Pirkka karuselli pussi",
,"Sweets",250,1,1.79,,"Tutti Frutti rings",
,"Sweets",250,1,2.49,,"Haribo Flower sour",
,"Lunch",300,1,10.4,,"Suomalainen Klubi",
25/03/22,"Drink",1500,1,1.55,,"Pirkka Jaffa Light",
,"Bottle deposit",0,1,0.4,,,
,"Chocolate bar",86,2,5.98,,"LoveRaw Wafers",
,"Croissant",130,2,3.18,,"Vegan",
,"Yoghurt",180,1,1.99,,"Kaurarahku & granola",
,"Tofu",300,1,3.45,,"Marinated tofu",
,"Peppers",210,1,1.05,,"Yellow pepper",
,"Spring onions",180,3,1.79,,,
,"Meal",350,1,8.29,,"REBL Eats Linguini",
,"Cheese",90,1,5.79,,"Cashew black pepper",
,"Sauce",150,1,1.45,,"Soy sweet chili",
,"Spring rolls",400,4,6.59,,,
,"Yoghurt",125,1,2.45,,"Happy Coco",
,"Drink",740,2,5.58,,"Kombucha",
,"Bottle deposit",0,2,0.4,,,
,"Croissant",96,1,2.79,,"Vegepuolukkapulla",
,"Bread",540,9,2.15,,"Oat bread",
,"Crisps",325,1,2.99,,"Taffel crisps",
26/03/22,"Popcorn",200,1,4.95,,"Salty",
27/03/22,"Cocoa",200,1,3,,"Vegan",
,"Coffee",200,1,2.2,,,
,"Doughnut",200,2,5.6,,,
,"Wine",320,2,25.6,,"Red wine, Torni Tampere Moro Sky Bar",
,"Dinner",500,1,17.9,,"Meze, Zeytuun",
,"Dinner",500,1,17.9,,"Leanonleipä, Zeytuun",
,"Water",400,2,5.8,,"Vichy, Zeytuun",
,"Dessert",100,1,8.9,,"Muhallabia, Zeytuun",
,"Coffee",200,1,4.9,,"Coffee & dates, Zeytuun",
28/03/22,"Starters",400,2,17,,"Pyaji Pakauda, Katmandu",
,"Dinner",500,1,16.9,,"Sabji Kofta, Katmandu",
,"Dinner",500,1,16.9,,"Palak Chana",
,"Beer",660,2,15.8,,"Katmandu",
29/03/22,"Toilet rolls",743,8,4.35,,,
,"Yoghurt",500,1,2.55,,"Alpro",
,"Milk",1000,1,2.09,,"Barista Kaurajuoma",
,"Chickpeas",380,1,0.99,,"Pirkka, 380 g/230 g",
,"Pastry",70,1,1.29,,"Kristallipulla",
,"Sweets",700,1,4.99,,"Haribo Fun City Mix",
,"Baked beans",780,2,1.98,,,
,"Vegetable cutlets",140,2,2.55,,"Pirkka kasvisleikkele",
,"Bread",500,1,2.49,,"Iso grahampaaheoleipä",
,"Carrots",1000,11,1.49,,,
01/04/22,"Lunch",300,1,10.9,,"Valssi, Vapriikki",
,"Drink",1000,1,1.09,,"Pineapple pop",
,"Bottle deposit",0,1,0.4,,,
,"Beer",660,2,0.74,,"Finkbräu alcohol free",
,"Beer",660,2,1.12,,"Perlenbacher alcohol free",
,"Can deposit",0,4,0.6,,,
,"Falafel",400,4,2.49,,"Culinea falafel, frozen",
,"Doughnut",192,2,1.5,,"Vegan",
,"Pizza",390,1,1.99,,"Trattoria Alfredo kasvispizza, vegan",
,"Buns",300,6,1.19,,"Burger buns",
,"Hummus",200,1,1.99,,,
,"Bread",500,9,1.69,,"Oat bread",
,"Lettuce",596,1,1.64,,,
,"Tomatoes",450,5,2.34,,,
03/04/22,"Drink",1500,1,2.49,,"Coca-Cola Zero",
,"Bottle deposit",0,1,0.4,,,
,"Baked beans",390,1,0.99,,,
,"Beer",1980,6,12.06,,"Velko Kozel Dark",
,"Can deposit",0,6,0.9,,,
,"Biscuits",175,1,2.95,,"Moomin biscuits",
,"Crisps",185,1,1.79,,"Tex mex tortillas",
,"Deposit return",0,2,-1.55,,,
,"Bleach",750,1,2.09,,,
,"Noodles",400,1,2.45,,"Spice Up noodles",
,"Passata",390,1,0.99,,"Pirkka garlic and tomato",
,"Nuts",125,1,1.49,,"Chili peanuts",
04/04/22,"Lunch",300,1,10.9,,"Valssi, Vapriikki",
06/04/22,"Soya mince",250,1,5.95,,"Verso Härkis",
,"Jam",230,1,1.89,,"Apricot jam",
,"Sweets",350,1,2.79,,"Halva",
,"Sweets",350,1,3.59,,"Fazer Remix Hevix",
,"Onions",500,9,1.29,,,
,"Eggplant",270,1,0.8,,,
,"Lunch",300,1,10.9,,"Valentine’s Day card",
,"Sweets",350,1,2.79,,"Halva",
,"Sweets",350,1,3.59,,"Fazer Remix Hevix",
,"Bread",330,6,1.59,,"Rye bread",
,"Bread",280,4,1.65,,"Rye bread",
08/04/22,"Lunch",500,1,11.3,,"Fabric",
,"Popcorn",200,1,4.95,,"Salty",
,"Drink",500,1,3.2,,"Fanta, sugar free",
09/04/22,"Drink",500,1,3.4,,"Cola, Taverna",
,"Coffee",500,1,2.9,,"Taverna",
,"Reservation",0,2,8,,"Game fee, Taverna",
,"Beer",1500,3,26.1,,"Taverna",
10/04/22,"Drink",1500,1,2.79,,"Jaffa Sokeriton",
,"Bottle deposit",0,1,0.4,,,
,"Oat milk",1000,1,2.25,,"Oatly, 1 litre",
,"Pastry",300,6,1.69,,"Marjapiiras",
,"Bread",360,6,1.79,,"Rye bread",
,"Pastry",70,1,1.29,,"Kristallipulla",
,"Hummus",225,1,3.45,,"Baba chili hummus",
11/04/22,"Lunch",500,1,10.4,,"Suomalaisen Klubin",
12/04/22,"Sweets",250,1,2.49,,"Haribo Flower zourr",
,"Bottle deposit",0,1,-0.55,,,
,"Lunch",500,1,11.3,,"Fabric",
13/04/22,"Doughnut",65,4,2.76,,"Ring doughnut",
,"Doughnut",90,3,2.25,,"Raspberry jam doughnut",
,"Croissant",130,2,0.9,,,
,"Bread",65,1,0.85,,"Pitabread",
,"Calzone",65,1,1.69,,"Mini-Calzone",
,"Cards",8,2,5,,"Postcards",
14/04/22,"Beer",2000,4,4.96,,,
,"Can deposit",0,4,0.6,,,
,"Breakfast cereal",500,1,2.49,,"Crownfield Fruit & Fibre",
,"Sourcream",200,1,1.19,,"Oattis",
,"Olives",200,1,2.99,,"Green olives with garlic",
,"Bread",300,6,0.65,,,
,"Salad",400,1,2.25,,"Sauerkraut",
,"Spices",18,1,0.4,,"Taco dip spices",
,"Hummus",200,1,1.99,,,
,"Bread",550,1,1.69,,,
,"Pesto",120,1,1.49,,"Vegan red pesto",
,"Chocolate",0.108,8,1.83,,"Mini vegan chocolate eggs",
15/04/22,"Figurine",22,1,6,,"DnD figurine, multiclass cleric+wizard",
,"Coffee",180,1,3.6,,"Puisto café",
16/04/22,"Dinner",500,1,10.2,,"Taverna, Tofu Toasti",
,"Beer",1000,2,17.4,,"Taverna, Mozaic IPA",
18/04/22,"Beer",2640,8,16.64,,"Sandels",
,"Can deposit",0,8,1.2,,,
,"Sweets",325,1,3.15,,"Fazer Remix choco pussi",
,"Crisps",450,1,3.09,,"Indian Nachos",
,"Drink",1500,1,2.49,,"Coca-Cola Zero",
,"Drink",1500,1,2.49,,"Coca-Cola Zero Vanilla",
,"Bottle deposit",0,2,0.8,,,
,"Sauce",250,1,2.99,,"Nacho cheese dip",
,"Sauce",315,1,1.99,,"Salsa dip",
,"Sandwich",380,2,6.18,,"Chicken sandwiches for Frajo",
,"Soya slices",100,1,3.95,,"Vegem seitan slices",
,"Soya slices",140,1,2.55,,"Pirkka vege slices",
,"Bread",500,9,2.25,,"Rye bread",
,"Salad",300,1,5.39,,"Falafel salad",
,"Peppers",649,1,1.4,,"Red pepper",
,"Tissues",328,1,2.35,,,
,"Pasta",500,1,1.79,,"Penne rigate",
,"Moisturiser",75,1,3.59,,"Nivea soft kosteusvoide, 75 ml",
,"Tofu",300,1,3.85,,,
,"Pasta",500,1,1.79,,"Kuviopasta",
,"Margerine",600,1,3.15,,"Keiju",
20/04/22,"Lunch",500,1,5.95,,"Kauppahallin Pyörykkäbaari salad",
,"Oat milk",1000,1,2.25,,"Oatly iKaffe, 1 litre",
,"Cheese",200,1,2.15,,"Vegan Cheddar Style slices",
,"Croissant",130,2,0.78,,,
,"Sausages",200,6,2.79,,"Chorizo vege sausages",
,"Drink",1500,1,1.45,,"Festival sugar-free",
,"Bottle deposit",0,1,0.4,,,
,"Crisps",200,1,1.89,,"Sea salt crips",
,"Juice",1000,1,1.09,,"Orange juice",
24/04/22,"Bottle deposit",0,1,-0.7,,,
,"Beer",500,1,1.94,,"Velko Kozel Non Alcoholic",
,"Can deposit",0,1,0.15,,,
,"Tea",20,20,5.69,,"Pukka Night Time Tea",
,"Baking paper",174,24,1.45,,"38cm * 42cm",
,"Burger",227,2,5.99,,"Moving mountains vegetarian burger",
,"Buns",320,6,2.85,,"Vaasan The BRGR Naughty burger buns",
,"Broccoli",300,1,1.49,,,
,"Naan bread",260,2,2.75,,"India Naan Bread Garlic",
,"Lettuce",512,1,2.35,,,
,"Bin bags",142,20,3.39,,"20 litre biodegradable bin bags",
,"Baked beans",390,1,0.99,,,
,"Bread",500,9,1.99,,"Rye bread",
27/04/22,"Lunch",500,1,11.9,,"Fabric",
28/04/22,"Lunch",500,1,10.4,,"Suomalainen Klubi",
29/04/22,"Lunch",500,1,13.8,,"Bali Brunch, Soto Vegan",
,"Biscuits",175,1,2.95,,"Fazer Muumi kuviokeksi",
,"Drink",1500,1,3.89,,"Sima",
,"Bottle deposit",0,1,0.4,,,
30/04/22,"Shaving cream",75,1,10.95,,"Parranajovoide, 75 ml",
,"Chocolate",35,1,1.95,,"Vivani White Nougat Crisp",
,"Chocolate",35,1,1.95,,"Vivani Dark Cougat Croccante",
,"Chocolate",60,1,4.35,,"Benjamisssimo, Curcuma Ginger Lemon",
,"Crisps",350,1,2.55,,"Oikia Vuoriston Venla Himsuola",
,"Oat milk",1000,1,1.55,,,
,"Oat milk",1000,1,1.99,,"Barrister",
,"Bottle deposit",0,1,-0.7,,,
,"Tea",200,100,3.75,,,
,"Beans",760,2,2.7,,"Papumix Luomu",
,"Passata",780,2,1.78,,,
,"Soup",500,1,2.99,,"Vegetable soup",
,"Clothes softener",600,1,2.09,,"Refill",
,"Fudge",200,1,3.7,,"Vegefudge",
,"Soap",200,2,3.1,,"Palasaippua",
03/05/22,"Drink",500,1,1.75,,"Olvi Vichy",
,"Bottle deposit",0,1,0.2,,,
,"Bread",500,9,1.99,,"Rye bread",
,"Eggplant",225,1,1.15,,,
,"Sandwich",300,2,4.98,,"Falafel wrap",
04/05/22,"Soya mince",275,1,2.3,,"Vemono vegejauhis",
,"Pastry",100,1,1.69,,"Mini-cCalzone Margherita",
,"Lettuce",574,1,1.54,,,
,"Pastry",100,1,0.89,,"Omenatasku",
,"Tomatoes",374,6,0.93,,,
05/05/22,"Drink",1500,1,2.49,,"Coca-Cola Zero",
,"Bottle deposit",0,1,0.4,,,
,"Beer",1000,2,3.28,,"Bavaria 0.0%",
,"Beer",1000,2,3.88,,"Velko Zozel Non Alcoholic",
,"Can deposit",0,4,0.6,,,
,"Soya slices",140,1,2.55,,"Pirkka kasvisleikkele",
,"Falafel",230,1,3.09,,"Kasvis pyörykät",
,"Sausages",240,4,3.89,,"Pirkka vegemakkara",
,"Hummus",225,1,3.09,,"Baba original hummus",
,"Bread",300,2,0.89,,"Vehnäpatonki",
,"Pastry",100,1,0.59,,"Pretzel",
,"Pastry",200,2,2.78,,"Tomato and mozzarella pastry",
07/05/22,"Pizza",500,1,15.9,,"Pizza and chips",
08/05/22,"Pastry",80,1,0.99,,"Mustikka vaniljapulla",
,"Nuts",175,1,5.65,,"Sweet and Salty Mix",
,"Dessert",160,2,5.99,,"Vegan bebe-espresso",
09/05/22,"Sauce",1000,1,1.25,,"K-Menu Tomato ketchup",
,"Deposit return",0,1,-1.15,,,
,"Drink",500,1,1.59,,"Concentrated sugar-free passion fruit drink",
,"Bottle deposit",0,1,0.2,,,
,"Sauce",125,1,1.19,,"Mild mustard",
,"Bread",500,1,2.49,,"Vaasan Iso moniviljapaahto",
10/05/22,"Lunch",500,1,12.9,,"Sitko Bar & Pizza, vegan pizza",
11/05/22,"Lunch",500,1,9.5,,"Strawberry and avocado salad",
13/05/22,"Sausages",240,4,3.89,,"Pirkka vegemakkara",
,"Nuts",160,1,4.59,,"Pähkinäsekoitus",
,"Pastry",90,1,1.89,,"Leivon kampawiener",
,"Courgette",302,1,0.84,,,
,"Soya mince",250,1,3.99,,"Beenit Härkis original",
,"Drink",500,1,2.55,,"Pirkka black berry sugar-free concentrate",
,"Bottle deposit",0,1,0.2,,,
,"Red pepper",184,1,0.92,,,
,"Soup",390,1,2.29,,"Pirkka tomato and pepper soup",
,"Bread",250,6,1.99,,"Rolls",
,"Bread",330,6,1.45,,"Rye bread",
15/05/22,"Baked beans",390,1,0.99,,,
,"Fruit",250,1,2.99,,"Earth Control Kuiv sekahedelmä",
,"Floss",14,1,3.35,,"Jordan 60m",
,"Deposit return",0,1,-0.5,,,
,"Cake",220,2,6.45,,"Sorttiina vegaaninen perunaleivos",
,"Bread",360,6,1.89,,"Oat bread",
,"Margerine",600,1,3.29,,"Keiju",
,"Cucumber",310,1,0.8,,,
,"Soya slices",140,1,2.55,,"Pirkka kasvisleikkele",
19/05/22,"Pepper",185,1,0.98,,"Green pepper",
,"Soya mince",250,1,3.29,,"Beanit Härkis Tex Mex",
,"Lettuce",760,1,2.98,,,
,"Guacamole",200,1,,,,
,"Tortilla",320,8,,,,
,"Doughnut",60,1,1.59,,,
,"Croissant",130,2,5.76,,"Vegan croissant",
,"Bread",660,12,2.58,,"Rye bread",
,"Olives",150,1,,,"Greek olives",
,"Chocolate",62,1,,,"Karlfazer Oat Choco",
,"Hummus",150,1,,,"Valkosipuli Vitlök",
,"Soya slices",90,13,,,"Good & Green smoke ham flavoured",
,"Soya slices",100,11,,,"S*lami Astrid & Aporna",
,"Sausages",210,3,,,"Meeat Plant Based Provence Sausage",
,"Nuts",140,2,,,"Smilco’s Giant Crispy Corn, Sea Salt",
,"Nuts",70,1,,,"Smilco’s Giant Crispy Corn, Lemon Chili",
,"Nuts",140,2,,,"Smilco’s Chocolate Corn Balls, Sea Salt Caramel",
23/05/22,"Wine",4000,4,42.26,,"2 red, 1 white, 1 rosé",
,"Cards",34,2,8.5,,"Birthday cards",
,"Chocolate",48,1,4.55,,"Dr. Oetker letters and numbers of cake decoration",
,"Sauce",200,2,7.9,,"Baba harissa",
,"Drink",100,2,3.1,,"Coke Zero",
,"Bottle deposit",0,4,1.2,,,
,"Sweets",32,1,0.45,,"Panda Pepe lakritsi",
,"Drink",3000,2,4.98,,"Coke Zero",
,"Beans",380,1,0.99,,"Brown beans",
,"Baked beans",390,1,0.99,,,
,"Chickpeas",380,1,0.99,,,
,"Licourice",400,1,3.99,,"Ilves lakriitsi",
,"Oat milk",250,2,2.7,,"Barista Kaurajuoma",
,"Buns",375,5,2.29,,,
,"Chocolate",122,2,4.78,,"Karlfazer Oat Choco",
,"Onions",630,5,1.25,,"Red onions",
,"Courgette",314,1,0.94,,,
,"Soya mince",500,2,7.98,,"Beanit Härkis Original",
,"Oat milk",1000,1,2.09,,"Barista Kaurajuoma",
,"Spring onions",231,6,3.39,,,
,"Sauce",300,3,4.95,,"Chow mein",
,"Broccoli",150,1,2.39,,"Stem broccoli",
,"Pepper",300,2,2.29,,"Red and yellow pepper",
,"Spring rolls",250,8,4.45,,,
,"Passata",500,1,1.39,,,
,"Cake",320,4,11.98,,"Bebe (vegaaninen espresso and vegaaninen)",
,"Cake",30,1,6.45,,"Vegan chocoloate cake",
28/05/22,"Bread",540,9,2.15,,"Oat bread",
,"Oat milk",1000,1,1.99,,"Elovena kaurajuoma kahviin",
,"Ice cream",144,2,5.38,,"Magnum Vegan Almond",
,"Biscuits",175,1,2.95,,"Moomin biscuits",
,"Bread",280,4,1.45,,"Rye bread",
,"Toilet rolls",743,8,3.59,,,
31/05/22,"Apples",600,4,1.95,,,
,"Sweets",700,2,3.98,,"For the office",
,"Sweets",350,1,3.19,,"For the office",
,"Pastry",200,2,1.18,,"Bretzel pretzel",
,"Pastry",200,1,1.39,,"Tomato and mozzarella pastry",
,"Roll",100,1,0.65,,"Dark brioche roll",
01/06/22,"Pastry",100,1,0.59,,"Bretzel pretzel",
,"Pastry",200,1,1.69,,"Mini calzone margherita",
,"Chewing gum",90,1,2.89,,"Jenkki Professional Spearmint",
,"Salad",200,1,1.79,,"Bulgar wheet and humous salad",
06/06/22,"Bread",550,1,2.09,,"Reilu Täysjyväviipaleet",
,"Eggplant",325,1,1.17,,"Rainbow munakoiso",
,"Croissant",133,2,1.3,,"Oat vegan croissant",
07/06/22,"Sweets",500,1,3.19,,"Sweet Corner juhlamarmeladi",
,"Bread",180,1,0.85,,"Garlic bread",
,"Lettuce",300,1,1.49,,,
,"Pastry",200,1,1.69,,"Mini calzone margherita",
,"Salad",200,1,1.79,,"Bulgar wheet and humous salad",
,"Soya mince",275,1,3.29,,"Vemono vegejauhis",
10/06/22,"Crisps",325,1,3.15,,"Taffel Sips",
,"Nuts",150,1,2.39,,"Taffel Salt & Vinegar Nuts",
,"Drink",1500,1,2.39,,"Pepsi Max",
,"Bottle deposit",0,1,0.4,,,
,"Bread",500,9,1.85,,"Rye bread",
,"Biscuits",350,1,3.85,,"Domino lemon biscuits",
,"Oat milk",1000,1,1.69,,"Pirkka kaurajuoma",
,"Pasta",1000,1,1.35,,"Spagetti",
,"Pie",280,4,3.29,,"Graham kasvispiirakka",
,"Soya slices",140,1,2.55,,"Pirkka kasvisleikkele",
,"Beer",1000,2,3.28,,"Bavaria 0.0%",
,"Can deposit",0,4,0.6,,,
,"Beer",1000,2,3.88,,"Velko Kozel Non Alcoholic",
,"Pastry",270,1,1.89,,"Pieni omenapiiras",
,"Pasta",400,1,2.79,,"Penne rigate",
12/06/22,"Bleach",750,1,1.89,,"750 ml",
,"Soap",3000,1,3.85,,"Pirkka nestesaippua",
,"Tissues",326,1,2.09,,"Facial tissues",
,"Toilet freshener",200,4,6.38,,"WC-kukka raikastin, 2 lime, 2 pine",
,"Floss",18,1,3.45,,"Oral-B, 25m",
,"Antigen test",18,1,4.99,,"SARS-COV-2-Antigen test",
,"Roll",126,1,1.61,,"Focaccia",
,"Pastry",82,1,1.5,,"Sugar bun",
,"Croissant",138,2,3.18,,"Vegan croissant",
,"Drink",1500,1,1.39,,"Cola, Sokeriton, 1500 ml",
,"Bottle deposit",0,3,1,,,
,"Drink",500,1,2.3,,"Berry juice, sugar free, concentrate 1+7, 500 ml",
,"Drink",1000,1,4.4,,"Orange juice, sugar free, concentrate 1+7, 1000 ml",
15/06/22,"Margerine",400,1,2.29,,"Vita D’or kasvirasval, 70%",
,"Tomatoes",384,4,0.83,,,
,"Croissant",133,2,1.18,,,
,"Sweets",250,1,1.29,,"Corner Hippo",
,"Sweets",150,1,1.59,,"Sugarland Sweet Strawberries",
,"Bread",65,1,0.85,,"Pitabread",
,"Roll",65,1,0.59,,"Briossi hampurilaissämpylä",
18/06/22,"Bread",300,6,1,,"Porin Leipä",
,"Pastry",82,1,1.5,,"Sugar bun",
,"Roll",0.12,2,1.55,,"Focaccia",
,"Spread",255,1,4.39,,"Creamy Sheese",
,"Nuts",175,1,5.25,,"Nutisel Sweet and Salty Mix",
,"Sausages",210,3,4.25,,"Peas from Heaven Chorizo",
,"Soya slices",100,15,3.89,,"Vegem seitanleikkele",
,"Bacon",115,1,4.49,,"Vegan bejkon",
,"Tofu",250,1,3.45,,"Tempe",
,"Hummus",190,1,2.09,,"Pirkke Hummus Original",
21/06/22,"Drink",1980,6,6.6,,"Coca-Cola Zero",
,"Drink",1650,5,10.86,,"Karhu beer",
,"Nuts",150,1,1.99,,"Taffel Grills Nuts",
22/06/22,"Onions",450,5,0.76,,,
,"Tomatoes",438,5,1.05,,,
,"Coffee",100,1,2.85,,"Pirkka pikakahvi, instant coffee",
,"Bread",360,6,1.89,,"Kauratyynyt",
,"Roll",300,5,2.49,,"Leivon grahamsämpylä",
,"Pastry",100,1,0.59,,"Bretzel pretzel",
,"Croissant",133,2,0.69,,,
25/06/22,"Spices",105,2,2.98,,,
,"Crisps",250,1,2.65,,"Oilia Pirteä Britta, sourcream and chives",
,"Yoghurt",500,1,1.88,,"Alpro natural, 30% off",
,"Tomatoes",378,4,0.9,,,
,"Gherkins",336,3,1.34,,,
,"Baked beans",780,2,1.98,,"Pirkka",
,"Bread",560,8,3.09,,"Rye bread",
,"Bread",400,6,1.39,,"Pitabread",
,"Carrots",750,11,2.39,,,
,"Olives",150,1,4.09,,"Green olives",
,"Red pepper",326,1,2.28,,,
29/06/22,"Bread",65,1,0.89,,"Pitabread",
,"Pastry",100,1,0.59,,"Bretzel pretzel",
,"Salad",200,1,1.79,,"Bulgar wheet and humous salad",
,"Toothpaste",125,1,1.45,,"Pepsodent Super Flouride",
,"Soap",200,2,1.98,,"Palasaippua, kaneli and oliivi",
,"Cereal",400,1,3.95,,"Fazer Kaurasydän",
30/06/22,"Biscuits",100,1,4.99,,"Vegan Keto Cookie Bites Vadelma",
,"Bread",330,6,2.49,,"Lemppari Paahtos",
16/07/22,"Drink",1000,1,1.09,,"Freeway Orange Zero",
,"Bottle deposit",0,1,0.4,,,
,"Crisps",150,1,1.29,,"Snack Day paprika",
,"Bread",370,6,2.05,,"Fazer Puikula pehkeä rye bread",
,"Hummus",200,1,1.99,,"Chef Select hummus",
,"Yoghurt",500,1,2.05,,"Alpro natural",
,"Sauerkraut",400,1,2.25,,"Rasilainen perinteinen hapankaali",
,"Pastry",100,1,0.79,,"Raspberry Danish pastry",
,"Tomatoes",396,5,0.85,,,
,"Cauliflower",376,1,1.88,,"Romanesco",
,"Pasta",500,1,1.99,,"Italian tomato flavoured",
,"Pepper",180,2,1.85,,"Red peppers",
,"Tofu",200,1,1.35,,"Vemondo luomutofu",
19/07/22,"Sausages",280,1,5.29,,"Frozen vegan sausages",
,"Chips",600,1,4.39,,"Findus mini röstio",
,"Pasatta",500,1,1.09,,"Eldorado paseeratti",
,"Pasatta",780,2,2.38,,"Eldorado tomaatti",
,"Beans",380,1,1.79,,"GoGreen",
,"Bread",300,2,1.69,,"Eldorado esipaistetti",
,"Bread",230,4,1.49,,"Rye bread",
,"Bin bags",121,20,2.99,,"Biodegradable",
,"Cheese",150,1,3.9,,"Violife Creamy ",
30/07/22,"Gherkin",310,2,1.24,,,
,"Chocolate",100,1,4.35,,"Lindt Hello",
,"Lettuce",250,2,3.29,,,
,"Sweets",180,1,1.79,,"Fazer Tutti Frutti Summer Rings",
,"Biscuits",250,1,2.55,,"Wasa Cranberries and Oat Flakes",
,"Drink",500,1,1.89,,"Pirkke squash, apple and passion fruit, 500 ml",
,"Bottle deposit",0,1,0.2,,,
,"Antigen test",41,2,3.98,,"Singclean antigen test",
,"Milk",1000,1,2.49,,"Oatly iKaffe, 1 litre","t milk"
,"Chips",600,1,1.85,,"Pirkka ristikkoperuna",
,"Cauliflower",265,1,1.06,,"Romanesco",
,"Baked beans",780,2,1.98,,"Pirkka",
,"Beans",380,1,0.99,,"Pirkka butter beans",
,"Roll",330,4,1.69,,"Large hamburger rolls",
,"Sauce",125,1,2.15,,"Madras dip and sauce",
,"Crisps",325,1,2.99,,"Taffel ",
,"Soya slices",140,12,2.35,,"Pirkka Vege Kasvisleikkele, Chili",
,"Bacon",115,1,4.49,,"Vegan bacon",
,"Nuts",70,1,2.55,,"Smilco’s Crispy Corn Sea Salt",
,"Nuts",160,1,4.09,,"Nutisal Maple Syrup and Sea Salt mix",
,"Soya meat",250,2,7.59,,"Meeat Pepper Steaks",
,"Onions",500,1,2.29,,"Red onions",
,"Bread",525,1,2.35,,"Multigrain loaf",
,"Sausages",300,4,4.59,,"Muu vegetable sausages, vuusto",
,"Soya meat",240,2,1.4,,"Pirkke vegepihvi, burgers",
,"Cheese",200,1,3.35,,"Kolios vegan cheese, grated",
,"Olives",70,1,1.39,,"Snack olives",
,"Pastry",124,2,1.56,,"Cranberry buns",
,"Tofu",250,1,4.09,,"Tempe",
,"Sauce",200,1,3.09,,"Vegan smoky chilli mayonnaise",
,"Bread",550,1,2.25,,"Whole grain loaf",
31/07/22,"Bag",17,1,0.22,,"Plastic bag",
,"Milk",1000,1,2.15,,"Oddlygood barrister oat milk, 1 litre",
,"Milk",1000,1,2.15,,"Oatly oat milk",
,"Fruit",572,4,0.8,,"Apples",
,"Ice cream",144,2,5.78,,"Vegan magnum",
,"Bottle deposit",0,1,-0.6,,,
04/08/22,"Peanut butter",1000,1,13.5,,"Crunchy salted",
,"Soya slices",100,5,3.99,,"Seitan slices",
,"Sausages",160,4,7.4,,"Vegan snacks",
,"Honey",350,1,7.9,,,
,"Tea",32.4,29,5.99,,"Day to Night herbal tea",
,"Beans",380,1,1.95,,"Chili salsa",
,"Soya mince",250,1,3.99,,"Beanit Härkis",
,"Beans",390,1,0.99,,"Baked beans",
,"Spices",28,1,0.99,,"Pirkka fajita mausteseos",
,"Pastry",141,2,3,,"Sugar buns",
,"Tomatoes",415,6,1.24,,,
,"Pears",925,4,2.77,,,
,"Croissant",130,2,3.18,,"Vegan croissant",
,"Tortilla",320,8,1.39,,"Pirkka vehnätortilla",
,"Pepper",300,2,1.89,,"Red and yellow pepper",
06/08/22,"Olives",150,1,3.49,,"Greek olives",
,"Baked beans",390,1,1.25,,,
,"Pasatta",500,1,1.15,,,
,"Spread",150,1,2.65,,"Pea & jalapeno spread & dip",
,"Eggplant",332,1,1.46,,,
,"Pastry",105,1,1.5,,"Doughnut",
10/08/22,"Olive oil",2000,1,22.95,,"Extra virgin olive oil, 2 litres",
,"Drink",1000,1,4.65,,"FUN Light strawberry sugar-free squash, 1 litre",
,"Bottle deposit",0,1,0.4,,,
,"Oat milk",1000,1,2.49,,"Oatly coffee milk",
,"Drink",500,1,1.89,,"Pirkka apple sugar-free squash, 500 ml",
,"Bottle deposit",0,1,0.2,,,
,"Soya mince",250,1,3.99,,"Beanit Härkapapusuik chili",
,"Hummus",225,1,3.29,,"Baba hummus original",
,"Soya slices",90,12,4.19,,"Plant based deli slicdes, smoked ham flavour",
,"Sauce",100,1,1.55,,"Spice Up! Pad Thai sauce",
,"Bread",550,1,2.25,,"Reilu Täysjyväviipaleet",
,"Margerine",600,1,2.85,,"Keiju",
,"Sausages",300,1,4.55,,"Frozen vegan sausages",
,"Bread",300,6,1.29,,"Rye bread",
,"Drink",660,2,3.28,,"Brewers Evergreen alcohol free lager, 660 ml",
,"Can deposit",0,4,0.6,,,
,"Drink",500,1,1.5,,"Bavaria alcohol free, 500 ml",
,"Drink",500,1,1.64,,"Kauen Craft alcohol free lager, 500 ml",
,"Roll",150,2,1.88,,"Fruit rolol",
,"Croissant",125,2,3.18,,"Vegan croissant",
13/08/22,"Drink",1500,1,1.59,,"Pirkka Cola light, 1.5 litres",
,"Bottle deposit",0,1,0.4,,,
,"Drink",1000,2,4.2,,"Karhu alcohol free beer, 0.5 litres",
,"Drink",1000,2,3.28,,"Kauen Craft alcohol free lager, 500 ml",
,"Can deposit",0,4,0.6,,,
,"Macaroni",350,1,2.15,,"Saar vegan macaroni",
,"Cucumber",445,1,1.69,,,
,"Sausages",200,6,2.99,,"Muu kasvinakki",
,"Ravioli",250,1,4.29,,"Meeat ravioli",
,"Pepper",300,2,0.99,,"Pirkka paprika",
,"Falafel",200,1,3.79,,"Sevan falafel",
,"Bread",530,1,3.15,,"Oivallus rukiinen",
,"Toilet paper",872,8,3.65,,"SerlaToilet wc-paperi",
,"Tofu",300,1,3.55,,"Jalotofu marinoitu",
,"Salad",250,1,1.95,,"Rapea kasvissalaati",
,"Washing up liquid",750,1,2.19,,"K-Menu astianpesuaine",
,"Pastry",102,1,2.59,,"Juuri Korvapuusti",
17/08/22,"Salad",300,1,2.99,,"Rasilainen Chili sourcraut",
,"Bread",330,6,1.79,,"Rye bread",
,"Chocolate",95,1,2.99,,"Crunchy hazelnut dark chocolate",
,"Tea",100,50,3.49,,"Lipton 50 pieces Yellow Label",
,"Tissues",230,1,1.59,,"Silkinpehmeä facial tissues",
,"Crisps",180,1,3.19,,"Kartanon Original salt",
,"Tomatoes",266,4,1.14,,,
,"Lettuce",320,1,1.18,,,
27/08/22,"Tomatoes",301,4,1.44,,,
,"Milk",1000,1,2.49,,"Oatly iKaffe, 1 litre",
,"Noodles",300,5,2.25,,"Pirkka nuudeli",
,"Passata",1000,2,1.1,,"K-Menu tomaattimurska",
,"Chickpeas",760,2,3.18,,"Gogreen kikherneet",
,"Baked beans",780,2,1.98,,"Pirkka",
,"Bread",525,1,2.35,,"Iso moniviljapaahto",
,"Nuts",70,1,2.55,,"Smilco’s Crispy Corn Sea Salt",
,"Hummus",190,1,2.09,,"Pirkka Hummus",
,"Bagel",200,2,2.19,,"Dennis unikko bagel",
,"Pitabread",400,6,1.59,,"Pirkka pitaleipä",
,"Soya slices",170,1,3.09,,"Muu kasvileikkele",
,"Coffee",180,1,6.85,,"Kulta Katriina instant coffee",
,"Popcorn",300,1,1.45,,"Pirkka voinmakuinen microwave popcorn",
,"Cake",180,2,4.9,,"Sorttiina Kuningatar",
01/09/22,"Drink",60,10,14.25,,"Mushroom Hot Cocoa Mix",
,"Sausages",80,2,3.7,,"Vegematwurst-seitansnack",
,"Drink",227,1,12.95,,"Chaga Mushroom Coffee",
,"Drink",227,1,12.95,,"Beauty Mushroom Coffee",
,"Chocolate",80,1,2.99,,"Vegan Chocolate sweetened with dates",
,"Chocolate",50,1,3.5,,"Vegan Sesame Coconut Milk Chocolate",
,"Drink",60,10,19.95,,"Four Sigmatic Coffee Latte Mix with Lion’s Mane",
,"Pastry",101,1,2.59,,"Korvapuusti",
,"Bottle deposit",0,1,-1.1,,,
,"Roll",150,3,1.94,,"Rocaccia rolls",
,"Chocolate",160,2,15.8,,"Smilco’s Chocolate Corn Balls, Sea Salt Caramel",
,"Nuts",140,2,5.1,,"Smilco’s Crispy Corn Sea Salt",
03/09/22,"Milk",1000,1,2.39,,"Oatly oat milk",
,"Roll",157,2,1.58,,,
,"Pastry",99,1,1.49,,"Kristallipulla",
,"Drink",500,1,1.99,,"Harwell Jaffa Appelsiini sugar-free",
,"Bottle deposit",0,1,0.2,,,
,"Beans",390,1,0.99,,"Pirkka baked beans",
,"Chocolate",144,3,2.55,,"Tupla Double Layer Maple Syrup, White Nougat, Liquorice",
,"Bottle deposit",0,5,-2.4,,,
24/09/22,"Beer",1000,2,2.68,,"Barvaria 0.0%",
,"Can deposit",0,2,0.3,,,
,"Onions",1000,14,1.69,,,
,"Crisps",200,1,1.29,,"SnackDay maapähkinäsnacks, Peanut Flips",
,"Tomatoes",362,4,1.26,,,
,"Soya mince",250,1,4.09,,"Verso Härkis härkäpapuvalmis",
,"Eggplant",340,1,1.25,,,
,"Drink",1000,1,0.59,,"Orange juice",
,"Chocolate",180,1,1.99,,"WayToGo Dark Chocolate Pecan & Coconut",
,"Falafel",200,1,2.09,,"My Best Veggie falafel",
,"Hummus",200,1,1.99,,,
,"Lettuce",100,1,1.29,,,
,"Pastry",108,1,0.99,,"Apple slice",
,"Yoghurt",500,1,2.19,,"Alpro natural",
,"Baked beans",390,1,0.64,,,
,"Apple",530,4,0.5,,,
,"Roll",161,2,1.18,,,
,"Bread",330,6,1.55,,"Rye bread",
27/09/22,"Roll",160,2,1.6,,"Pirkka Pikkusudet kauraciabata sämpylä, oat ciabatta rolls",
30/09/22,"Biscuits",350,1,3.75,,"Fazer Domino Original",
,"Biscuits",350,1,3.75,,"Fazer Domino Marianne",
,"Pastry",210,2,1.98,,"Apple slice",
,"Yoghurt",500,1,2.19,,"Alpro soilavalmis",
,"Soap",300,2,0.94,,"Cien saippua naturals",
,"Bread",65,1,0.89,,"Pitaleipä",
,"Roll",60,1,0.55,,"Rustiikkinen maalaissämpylä",
,"Bread",300,6,1.69,,"Vaasen Tumma Herkku",
,"Salad",200,1,1.79,,"Bulgar wheet and humous salad",
03/10/22,"Milk",1000,1,2.39,,"Oatly iKaffe, 1 litre",
,"Pepper",164,1,0.9,,"Red pepper",
,"Tofu",180,1,2.79,,"Sofine tofu",
,"Margerine",600,1,3.75,,"Keiju margerine",
,"Laundry detergent",750,1,4.75,,"Kirjopyykkin Sensitive, 750 ml",
,"Soya slices",140,1,2.65,,"Pirkka vegetable slices",
,"Beans",380,1,0.99,,"Pirkka bean mix",
,"Soup",390,1,2.29,,"Pirkka tomato soup",
,"Baked beans",390,1,0.99,,"Pirkka baked beads",
,"Drink",500,1,2.29,,"Pirkka blueberry squash, 500 ml",
,"Bottle deposit",0,1,0.2,,,
,"Bread",280,4,1.75,,"Rye bread",
,"Croissant",124,2,1.18,,"Croissant",
,"Sugar snaps",150,1,2.89,,"Pirkka sugar snaps",
,"Apple",602,4,0.78,,"Gala apples",
07/10/22,"Lettuce",391,1,1.56,,,
,"Yoghurt",400,1,2.85,,"Alpro mango",
,"Bread",525,1,2.19,,,
,"Crisps",110,1,2.79,,"Estrella Linssisipsi Ranch",
,"Baked beans",390,1,0.99,,"Pirkka",
,"Sausages",240,4,4.39,,"Pirkka vegemakkara",
,"Hummus",190,1,2.09,,"Pirkka hummus",
09/10/22,"Bottle deposit",0,1,-0.7,,,
,"Bottle deposit",0,1,-0.55,,,
,"Toilet freshener",138,2,3.95,,"Wc-kukka 2 mänty",
,"Bin bags",148,20,3.65,,"Biodegradable, 20 litres",
,"Nuts",175,1,4.49,,"Nutisal enjoy mix pähkinäsekoi",
,"Sausages",300,4,4.75,,"Muu kasvimakkara",
,"Cake",300,1,6.45,,"Sorttiina vegemokkapala",
,"Soya meat",210,1,3.29,,"Meeat Muu kasvispyörykkä",
,"Drink",200,1,0.75,,"Pirkka omenatäysmehu 200 ml",
,"Cheese",200,1,4.19,,"Violife viipale savunmaku",
,"Mustard",275,1,2.29,,"Turun sinappi väkevä",
11/10/22,"Bottle deposit",0,1,-0.3,,,
,"Chocolate",48,1,0.85,,"Tupla Double Layer Liquorice",
,"Tissues",274,1,2.69,,,
,"Bread",500,9,2.49,,"Rye bread",
,"Drink",500,1,2.14,,"Monster Energy Ultra Violet, 500 ml",
,"Can deposit",0,1,0.15,,,
,"Soup",390,1,2.29,,"Pirkka tomato soup",
,"Broccoli",300,1,2.29,,,
14/10/22,"Washing up liquid",750,1,2.19,,"K-Menu astianpesuaine",
,"Laundry detergent",750,1,3.2,,"Pyykirpesuneste",
,"Beer",500,1,2.2,,"Karhu alcohol free beer, 500 ml",
,"Can deposit",0,3,0.45,,,
,"Beer",660,2,2.8,,"Pistorhead alcohol free beer, 330 ml",
,"Pasta",1000,1,1.39,,"Spagetti",
,"Beans",380,1,1.29,,"Chickpeas",
,"Beans",380,1,0.99,,"Brown beans",
,"Pasatta",500,1,0.55,,"K-Menu tomaattimurska",
,"Cucumber",240,1,2.59,,,
,"Bacon",115,1,4.49,,"Astrid och aporna bejkon",
,"Bread",550,1,2.39,,"O Reilu Täysjyväviipaleet, whole grain sliced",
,"Spread",255,1,4.45,,"Sheese chili flavoured",
,"Soya meat",240,1,4.45,,"G&G nyhtökaura nude",
,"Sausages",210,1,4.39,,"Meeat kasvimakkara",
,"Cheese",200,1,3.35,,"Kiolios vegan raaste",
,"Tomatoes",301,4,1.44,,,
,"Crisps",150,1,3.29,,"Kettle chips Sea Salt",
,"Nuts",250,1,6.75,,"Trippel, Salt and Honey",
,"Croissant",125,2,3.18,,"Vegan croissant",
,"Olives",70,1,1.39,,"Olymp snackoliivi Kalam",
,"Pastry",72,1,0,,"Sugar bun (wasn’t charged)",
,"Crisps",325,1,0,,"Taffel SIPS (wasn’t charged)",
18/10/22,"Tea",125,100,0.99,,"Hyson English Breakfast tea",
,"Bread",360,6,1.6,,"Oat bread",
,"Chewing gum",130,1,2.69,,"Fazer Xylimax trio",
,"Tissues",317,1,1.78,,"Serla Nenäliina silkinpehmeä facial tissues",
,"Apples",548,4,0.52,,"Omena irto",
,"Drink",1000,1,1.25,,"Glöggi, 1000 ml",
,"Bread",162,1,0.89,,"Pitabread",
,"Soya meat",275,1,3.15,,"Vemondo vegejauhis",
,"Bread",330,6,1.2,,"Rye bread",
24/10/22,"Soya mince",250,1,4.19,,"Beanit Härkäpapumuru",
,"Bread",500,9,2.29,,"Rye bread",
,"Soya slices",90,12,4.19,,"Smoked ham flavoured",
,"Pasta",250,1,5.05,,"Wicked, spinach and wild garlic ravioli",
,"Eggplant",330,1,1.45,,,
,"Sandwich",190,1,3.98,,"The New Yorker, plant-based leipä",
,"Chewing gum",18,12,1.09,,"Jenkki original spearmint",
,"Croissant",147,2,1.3,,"Oat croissant, vegan",
,"Pastry",79,1,1.19,,"Vaniljaviineri",
27/10/22,"Bottle deposit",5,1,-0.95,,,
28/10/22,"Drink",1000,1,2.29,,"Glöggi, 1000 ml",
06/11/22,"Drink",1000,1,1.55,,"Glöggi, 1000 ml",
,"Chocolate",100,1,3.75,,"Hello vegan salt caramel",
,"Soya mince",250,1,4.19,,"Beanit Härkäpapumuru",
,"Pasta",250,1,5.05,,"Pinaatti & Valkosipuli, Spinich and wild garlic ravioli",
,"Cheese",200,1,2.49,,"Vegan Gouda Style",
,"Sausages",200,6,3.59,,"Vegan sausages",
,"Soya slices",100,1,2.5,,"Soija viherpippurileik",
,"Bread",500,9,2.29,,"Rye bread",
,"Crisps",200,1,2.99,,"Zuusto snacks vegan",
,"Peppers",400,3,2.49,,"Co-op pepper mix",
,"Pastry",105,2,1.5,,"Tähtitorttu",
,"Pastry",79,1,0.85,,"Omenalettiviineri",
,"Pastry",183,3,1.53,,"Riisipiirakka vegaaninen, Karelian pies",
11/11/22,"Drink",1000,1,2.29,,"Glöggi, 1000 ml",
,"Salad",250,1,2.69,,"Raastettu Vihannes Salaatti",
,"Beans",380,1,1.99,,"Kidney beans",
,"Pasatta",500,1,1.39,,"Eldorado Paseerattu Tomaatti",
,"Pie",140,2,3.15,,"Mustikkarahka Piirakka",
,"Drink",500,1,2.89,,"Fun light Ice Tea Sitruuna, 500 ml",
,"Bottle deposit",0,1,0.2,,,
,"Spices",19,1,1.15,,"Taffel Dippi Sweet Chili",
,"Crisps",160,1,4.19,,"Taffel Crispy Gold Seasalt",
,"Oat sourcream",200,1,2.29,,,
,"Bread",525,1,3.09,,"Iso Paahto Minivilja, sliced",
12/11/22,"Shoes",962,1,139.9,,"PoleCat Gore-Tex winter shoes",
,"Milk",1000,1,2.39,,"Kaurajuoma iKaffe, 1000 ml",
,"Soya meat",600,1,9.19,,"Jouluseitan",
,"Chocolate",100,1,2.74,,"Tampere Salmiakkisuklaa",
,"Coffee",100,1,5.75,,"Lakritsikahvi",
,"Tea",60,1,2.2,,"Iloinen Jouluporo Tee",
,"Cheese",150,1,7.95,,"Cashew blue",
,"Cheese",200,1,3.65,,"Epic Cheddar",
,"Cheese",100,1,4.98,,"Cashew Tryffeli",
,"Gherkin",400,1,5.39,,"Suolakurkku",
,"Margerine",600,1,2.95,,"Kasvirasvalev 70% lakton",
,"Coffee",450,1,6.99,,"Amigas Luomu Reilu Kauppa",
,"Chocolate",26,1,1.48,,"Raakasuklaa appelsiini",
,"Chocolate",26,1,1.48,,"Raakasuklaa Tumma 79%",
,"Tea",35,20,3.5,,"Organic Turmeric Liquorice and Ginger Tea",
,"Soya meat",40,1,1.85,,"Chorizo Snacker Vegan",
,"Soya meat",40,1,1.85,,"Chili Snacker Vegan",
,"Mushroom Starter Kit",68,2,23.9,,"Helsieni",
,"Gherkin",275,1,4.5,,"Chili Kurkku Viipaleet",
,"Hummus",200,1,5.25,,"Better Instant Hummus Mix",
,"Pancake Waffle Mix",400,1,8.95,,"Iswari Beetroot and Raspberry Pancake Waffle Mix",
,"Tea",25,1,7.95,,"Hyvä uni yrttitee",
18/11/22,"Drink",1000,1,1.85,,"Glöggi, 1000 ml",
,"Crisps",325,1,3.19,,"San Diego perunalastu",
,"Spread",150,1,2.29,,"Oatly outspread",
,"Baked beans",780,2,1.98,,"Pirkka",
,"Nuts",70,1,2.55,,"Smilco’s Crispy Corn Sea Salt",
,"Bacon",115,1,4.49,,"Astrid och aporna bejkon",
,"Soya slices",100,1,3.15,,"Meeat roast beef slices",
,"Pastry",68,1,1.99,,"Dumle joulutorttu",
,"Croissant",134,2,3.18,,"Vegan croissant",
,"Bread",90,2,1.16,,"Juuri Focaccia-sämpylä",
20/11/22,"Toilet paper",534,4,3.95,,"Pirkka vahva pehmeä wc-paperi",
,"Fruit",250,1,2.19,,"Dried fruit, K-Menu sekahedelmä",
,"Sweets",400,1,3.99,,"Ilves lakritsipalat",
,"Olives",150,1,4.09,,"Gaea oliivilajitelma",
,"Soya meat",210,1,3.29,,"Meeat Muu kasvispyörykkä",
,"Pastry",200,2,1.98,,"Apple Danish pastry",
,"Bread",500,9,2.09,,"Rye bread",
,"Bread",357,4,1.99,,"Hamburger rolls",
25/11/22,"Bread",300,6,1.69,,"Rye bread",
26/11/22,"Bottle deposit",0,2,-0.95,,,
,"Drink",3000,2,4.58,,"Coke Zero, 1.5 litres",
,"Bottle deposit",0,2,0.8,,,
,"Glögi",2000,2,2.9,,,
,"Syrup",700,1,1.95,,"Light syrup",
,"Pasatta",800,2,2.3,,"Tomato and garlic",
,"Baked beans",390,1,0.99,,,
,"Fudge",180,1,3.75,,"Vegan fudge",
,"Crisps",325,1,3.09,,"Taffel Original",
,"Potatoes",450,1,1.65,,"Frozen rosmariini oliiviöljy lohkoperunat",
,"Cake",500,1,26.95,,"Panettone hedelmäine",
,"Fruit",200,1,1.89,,"Dried dates",
,"Fruit",200,1,2.15,,"Dried figs",
,"Nuts",190,1,3.79,,"Nötti frutti",
,"Pastry",84,1,0.75,,"Vanilla doughnut",
,"Tomatoes",316,1,3,,,
,"Lettuce",568,1,2.39,,,
,"Reflectors",33,3,18.6,,,
,"Cards",11,2,10,,,
,"Card",21,1,6,,"Moomin advent calendar card",
,"Card",16,1,4,,,
,"Card",15,1,3.6,,,
,"Chocolate",125,1,9.35,,"Vegan Northern Delight",
,"Chocolate",122,1,9.35,,"Vegan Kaffe Karamell",
,"Sweets",230,1,10,,"Jellies with fruit juices",
,"Drink",538,1,11,,"Tyrnmehu (berry juice from Tallipiha)",
29/11/22,"Wine",2000,2,20.18,,"Red Shiraz Cambernet Sauvignon",
,"Bread",500,9,2.19,,"Rye bread",
,"Nuts",140,2,5.1,,"Smilco’s Crispy Corn Sea Salt",
,"Pastry",141,2,3.18,,"Vegan croissant",
,"Roll",101,2,1.29,,"Focaccia",
,"Medicine",49,1,13.51,,,
30/11/22,"Pastry",129,2,1.98,,"Joulutorttu",
,"Biscuits",175,1,2.35,,"Domino Pipar-kakku",
,"Cheese",200,1,3.65,,"Violife smoked flavour slices",
,"Chocolate",62,1,2.35,,"Fazer Oat Choco",
,"Sweets",110,1,1.29,,"Katjes Wonderland Sour",
,"Sweets",110,1,1.29,,"Katjes Better Bunny",
,"Soya slices",140,11,2.39,,"Vege kasvisleikkele",
,"Tomatoes",485,4,2.8,,,
03/12/22,"Hummus",400,2,7.9,,"Better Instant Hummus Mix",
,"Biscuits",100,1,2.99,,"Suklaahippu piparkakku",
,"Chocolate",48,1,5.95,,"Goodio Wild Blueberry",
,"Chocolate",48,1,5.95,,"Goodio Winter Glow",
,"Soya meat",230,1,2.89,,"Leivon Boltsi tomato-chilli",
,"Soup",98,1,1.95,,"French onion soup",
,"Yoghurt",200,1,1.65,,"Planti Greek Style Gurt, 200 ml",
,"Pasatta",500,1,0.55,,"K-Menu tomaattimurska",
,"Bread",500,1,2.39,,"Oululainen Reilu Vehnälese",
,"Spices",13,1,0.99,,"Estrella Dipmix sourcream",
,"Soya meat",250,1,7.59,,"Meeat pepper steak",
,"Soya meat",230,2,8.98,,"Astrid och aporna bejkon",
,"Pastry",116,1,2.89,,"Juuri piparikierre",
,"Roll",145,2,1.44,,"Juuri Levain sämpylä",
,"Crisps",275,1,2.89,,"Estrella Marisuola Crisps",
,"Margerine",400,1,2.35,,"Keiju Laktoositon",
,"Milk",1000,1,2.25,,"Oaty Ikaffe, 1000 ml",
,"Cup",287,1,17.95,,"Muumimuki",
,"String",20,1,2.99,,,
,"Decoration",104,1,5.59,,"Paper star Christmas decoration",
04/12/22,"Trousers",329,1,69.9,,"Toppuhouset (padded trousers for cold weather)",
,"Sweets",380,2,11,,"Vavesaaren Marmeladi",
,"Cosmetics",106,4,14.9,,"Fiini Jalkakylpykuul foot bathbombs",
,"Cosmetics",153,1,25.9,,"Fiini Vartaloïly, body oil",
,"Torch",102,1,8.9,,"Battery powered light for inside the paper star",
09/12/22,"Baked beans",780,2,1.98,,"Pirkka",
,"Glögi",1000,1,2.19,,"Valio glögi vaalea, 1000 ml",
,"Sausages",210,1,4.75,,"Meeat kasvimakkara",
,"Nuts",150,1,2.55,,"Taffel Salt & Vinegar Nuts",
,"Soya slices",140,1,2.65,,"Pirkka kasvisleikkele",
,"Tomatoes",332,6,2.32,,,
,"Bread",500,9,2.49,,"Rye bread",
,"Dessert",180,2,6.99,,"Leivon Perunaleivos",
10/12/22,"Cosmetics",529,1,16.95,,"Mudwrap",
,"Glass",198,1,14.9,,"Wine glass",
,"Puzzle",814,1,49.9,,,
,"Bag",54,1,18,,,
,"Card",13,1,5.5,,,
,"Socks",180,2,49.9,,"Luosto retkisukat",
,"Chocolate",100,1,4.35,,"Lindt Hello suklaalefvy",
,"Pastry",103,1,2.59,,"Juuri Korvapuusti",
,"Beans",380,1,1.99,,"GoGreen Bean Chili Salsa",
,"Pepper",201,1,0.8,,"Paprika punainen",
,"Spices",28,1,1.25,,"Tex mex fajita spicemix",
,"Tortilla",320,8,2.59,,"Oatgoods kauratortilla",
14/12/22,"Bread",360,6,0.99,,"Rye bread",
,"Soya meat",230,1,2.79,,"Boltsi Kaur Chili",
,"Lettuce",886,1,2.47,,,
17/12/22,"Glögi",1000,1,1.25,,"Jouluaitta glögijuoma, 1000 ml",
,"Milk",1000,1,1.49,,"Kaurajuoma, 1000 ml",
,"Milk",1000,1,2.25,,"Kaurajuoma iKaffe, 1000 ml",
,"Biscuits",125,1,1.99,,"Fazer Domino Piparkakku",
,"Bread",183,1,0.85,,"Garlic bread",
,"Bread",158,1,0.89,,"Pitabread",
,"Pastry",104,2,0.98,,"Tähtitorttu",
18/12/22,"Box",106,1,14.95,,"Gift box",
,"Paper",834,1,3.95,,"Wrapping paper",
,"Pastry",360,6,3.39,,"Myllyn Paras joulutorttu",
,"Margerine",400,1,2.35,,"Keiju Laktoositon, 70%",
,"Rice",500,1,3.09,,"Risella basmatiriisi",
,"Potatoes",1000,1,1.39,,"Pirkka peruna keltainen",
,"Salad",300,1,3.09,,"Pirkka hapankaali luomu",
,"Beans",380,1,0.99,,"Pirkka chickpeas",
,"Bread",525,1,2.49,,"Vaasan Iso moniviljapaahto",
,"Soya mince",230,1,3.95,,"Halsans Kök pulled beads",
,"Vegetables",300,1,0.99,,"Kukka-vihannakset, frozen mixed vegetables",
,"Soya mince",250,1,4.19,,"Beanit Härkapapusuik",
,"Nuts",70,1,2.55,,"Smilco’s Crispy Corn Sea Salt",
,"Onions",350,3,1.09,,"Pirkka sipuli",
,"Pastry",230,4,4.79,,"Fria kanelipulla, frozen",
,"Soya meat",230,12,2.89,,"Leivon Boltsi original",
,"Pasta",500,1,5.99,,"Gran Cucina Makupasta",
,"Fruit",649,6,2.59,,"Clemantines",
,"Cake",287,2,4.99,,"Sorttilnan Vallaton muffinsi",
19/12/22,"Crisps",180,1,3.55,,"Taffel Kartanon original",
,"Tofu",300,1,3.99,,"Jalotofu kylmäsavu",
,"Tofu",300,1,3.99,,"Jalotofu marinoitu",
,"Sausages",200,6,3.35,,"Muu nakki chorizo",
,"Pastry",120,2,2.49,,"Leivon joulutorttu",
27/12/22,"Drink",1500,1,2.55,,"Coca-Cola Zero, 1500 ml",
,"Bottle deposit",0,2,0.8,,,
,"Drink",1500,1,2.45,,"Hartwall Jaffa Appelsiini, 1500 ml",
,"Bread",300,2,1.15,,"Pirkka vehnäpatonki",
,"Bread",500,9,2.49,,"Rye bread",
,"Vegetable",236,1,1.18,,"Red pepper",
28/12/22,"Rolls",320,4,2.99,,"The BRGR Naghty burger buns",
,"Soya meat",227,2,5.99,,"Moving mountains vegetarian burger",
,"Cake",250,1,7.69,,"Aleksanteri cake",
,"Medicine",41,1,6.09,,,
29/12/22,"Medicine",45,1,17.85,,,
30/12/22,"Box",4980,5,16.99,,"Cardboard packing boxes",
,"Box",34,1,2.2,,"Posti, ½XXS parcel box",
